<?xml version="1.0" encoding="UTF-8"?>
<project-private xmlns="http://www.netbeans.org/ns/project-private/1">
    <editor-bookmarks xmlns="http://www.netbeans.org/ns/editor-bookmarks/2" lastBookmarkId="0"/>
    <open-files xmlns="http://www.netbeans.org/ns/projectui-open-files/2">
        <group>
            <file>file:/C:/Users/PROJECTS/Documents/NetBeansProjects/ProjectMain/src/projectmain/dashboard.java</file>
            <file>file:/C:/Users/PROJECTS/Documents/NetBeansProjects/ProjectMain/src/projectmain/login.java</file>
            <file>file:/C:/Users/PROJECTS/Documents/NetBeansProjects/ProjectMain/src/projectmain/Register.java</file>
            <file>file:/C:/Users/PROJECTS/Documents/NetBeansProjects/ProjectMain/src/projectmain/ProjectMain.java</file>
            <file>file:/C:/Users/PROJECTS/Documents/NetBeansProjects/ProjectMain/src/projectmain/Screen.java</file>
            <file>file:/C:/Users/PROJECTS/Documents/NetBeansProjects/ProjectMain/src/projectmain/Error.java</file>
        </group>
    </open-files>
</project-private>
