<?xml version="1.0" encoding="UTF-8"?>
<project-private xmlns="http://www.netbeans.org/ns/project-private/1">
    <editor-bookmarks xmlns="http://www.netbeans.org/ns/editor-bookmarks/2" lastBookmarkId="0"/>
    <open-files xmlns="http://www.netbeans.org/ns/projectui-open-files/2">
        <group>
            <file>file:/C:/Users/Nandha%20Kumar%20RP/Documents/NetBeansProjects/admin/src/admin/ViewBooking.java</file>
            <file>file:/C:/Users/Nandha%20Kumar%20RP/Documents/NetBeansProjects/admin/src/admin/DelivaryDetails.java</file>
            <file>file:/C:/Users/Nandha%20Kumar%20RP/Documents/NetBeansProjects/admin/src/admin/Invoice.java</file>
            <file>file:/C:/Users/Nandha%20Kumar%20RP/Documents/NetBeansProjects/admin/src/admin/ViewAllin.java</file>
            <file>file:/C:/Users/Nandha%20Kumar%20RP/Documents/NetBeansProjects/admin/src/admin/Admin.java</file>
            <file>file:/C:/Users/Nandha%20Kumar%20RP/Documents/NetBeansProjects/admin/src/admin/PartsReq.java</file>
            <file>file:/C:/Users/Nandha%20Kumar%20RP/Documents/NetBeansProjects/admin/src/admin/Custdetail.java</file>
        </group>
    </open-files>
</project-private>
